Subject Code,Subject,Exam Series,Sat,A*,A,B,C,D,E,U
YAA01,ARABIC,Oct-20,481,150,297,400,452,468,476,481
YAC11,ACCOUNTING,Oct-20,228,72,103,148,179,205,216,228
YBI01,BIOLOGY,Oct-20,128,2,17,46,94,115,125,128
YBI11,BIOLOGY,Oct-20,278,16,66,143,203,240,260,278
YBS01,BUSINESS STUDIES,Oct-20,19,0,2,7,8,13,16,19
YBS11,BUSINESS,Oct-20,167,1,11,37,83,126,154,167
YCH01,CHEMISTRY,Oct-20,183,4,23,56,101,153,172,183
YCH11,CHEMISTRY,Oct-20,458,45,133,234,321,385,416,458
YEC01,ECONOMICS,Oct-20,24,1,6,8,12,18,21,24
YEC11,ECONOMICS,Oct-20,204,9,73,123,169,190,196,204
YFM01,FURTHER MATHEMATICS,Oct-20,313,156,219,269,289,299,303,313
YIT11,INFORMATION TECHNOLOGY,Oct-20,13,4,6,7,10,12,12,13
YLA1,LAW,Oct-20,143,36,53,73,100,115,128,143
YMA01,MATHEMATICS,Oct-20,1727,468,942,1249,1460,1601,1666,1727
YPH01,PHYSICS,Oct-20,203,2,17,49,93,147,187,203
YPH11,PHYSICS,Oct-20,519,26,120,205,286,377,446,519
YPM01,PURE MATHEMATICS,Oct-20,30,7,19,21,27,29,29,30
YPS01,PSYCHOLOGY,Oct-20,23,6,7,14,17,22,23,23
XAA01,ARABIC,Oct-20,933,,774,896,925,930,932,933
XAC11,ACCOUNTING,Oct-20,418,,220,299,350,380,404,418
XBI11,BIOLOGY,Oct-20,1397,,466,783,1055,1228,1339,1397
XBS11,BUSINESS,Oct-20,491,,131,285,408,457,474,491
XCH11,CHEMISTRY,Oct-20,1707,,604,932,1192,1404,1540,1707
XEC11,ECONOMICS,Oct-20,503,,198,333,430,472,487,503
XFM01,FURTHER MATHEMATICS,Oct-20,290,,219,241,264,274,281,290
XHI01,HISTORY,Oct-20,10,,3,4,6,7,7,10
XIT11,INFORMATION TECHNOLOGY,Oct-20,25,,14,18,21,24,25,25
XMA01,MATHEMATICS,Oct-20,3588,,1539,2375,2929,3265,3439,3588
XPH11,PHYSICS,Oct-20,1457,,519,712,887,1046,1163,1457
XPM01,PURE MATHEMATICS,Oct-20,39,,22,28,32,33,34,39
XPS01,PSYCHOLOGY,Oct-20,65,,21,28,42,55,64,65
YAA01,ARABIC,Oct-21,433,174,310,380,405,415,423,433
YAC11,ACCOUNTING,Oct-21,727,162,338,445,545,625,668,727
YBI11,BIOLOGY,Oct-21,1054,40,276,518,739,915,1004,1054
YBS11,BUSINESS,Oct-21,668,0,80,254,459,585,625,668
YCH11,CHEMISTRY,Oct-21,1323,89,369,593,845,1045,1201,1323
YEC11,ECONOMICS,Oct-21,660,79,246,427,548,617,637,660
YFM01,FURTHER MATHEMATICS,Oct-21,295,139,195,247,270,282,285,295
YIT11,INFORMATION TECHNOLOGY,Oct-21,19,7,8,12,16,17,18,19
YMA01,MATHEMATICS,Oct-21,2536,401,1186,1693,2038,2276,2398,2536
YPH11,PHYSICS,Oct-21,1358,101,359,527,730,904,1061,1358
YPM01,PURE MATHEMATICS,Oct-21,22,1,8,13,19,20,21,22
XAA01,ARABIC,Oct-21,488,,368,450,476,484,486,488
XAC11,ACCOUNTING,Oct-21,503,,333,390,432,464,484,503
XBI11,BIOLOGY,Oct-21,1194,,449,695,925,1063,1147,1194
XBS11,BUSINESS,Oct-21,546,,208,334,426,483,516,546
XCH11,CHEMISTRY,Oct-21,1442,,540,786,1001,1174,1311,1442
XEC11,ECONOMICS,Oct-21,564,,258,382,460,507,539,564
XFM01,FURTHER MATHEMATICS,Oct-21,310,,214,260,281,298,305,310
XIT11,INFORMATION TECHNOLOGY,Oct-21,38,,14,23,27,33,37,38
XMA01,MATHEMATICS,Oct-21,3626,,1380,2091,2685,3128,3386,3626
XPH11,PHYSICS,Oct-21,1298,,440,602,739,877,978,1298
XPM01,PURE MATHEMATICS,Oct-21,11,,5,7,8,8,11,11
YAC11,ACCOUNTING,Oct-22,657,51,317,450,545,601,640,657
YBI11,BIOLOGY,Oct-22,1053,184,353,513,681,816,935,1053
YBS11,BUSINESS,Oct-22,579,86,245,374,467,527,555,579
YCH11,CHEMISTRY,Oct-22,1253,111,352,550,748,924,1077,1253
YEC11,ECONOMICS,Oct-22,627,52,275,441,539,584,608,627
YFM01,FURTHER MATHEMATICS,Oct-22,119,52,81,103,111,115,119,119
YMA01,MATHEMATICS,Oct-22,2618,617,1354,1803,2090,2289,2438,2618
YPH11,PHYSICS,Oct-22,1279,154,388,545,719,871,1016,1279
YPM01,PURE MATHEMATICS,Oct-22,13,1,6,9,10,12,13,13
XAC11,ACCOUNTING,Oct-22,584,,308,400,476,525,560,584
XBI11,BIOLOGY,Oct-22,1395,,414,624,849,1023,1203,1395
XBS11,BUSINESS,Oct-22,902,,221,399,554,687,765,902
XCH11,CHEMISTRY,Oct-22,1637,,523,792,1035,1239,1408,1637
XEC11,ECONOMICS,Oct-22,830,,303,483,630,730,778,830
XFM01,FURTHER MATHEMATICS,Oct-22,308,,224,259,279,294,300,308
XMA01,MATHEMATICS,Oct-22,4063,,1641,2334,2910,3351,3637,4063
XPH11,PHYSICS,Oct-22,1485,,473,708,885,1041,1175,1485
YAC11,ACCOUNTING,Oct-23,629,27,215,332,443,523,576,629
YBI11,BIOLOGY,Oct-23,1036,91,210,329,452,605,747,1036
YBS11,BUSINESS,Oct-23,668,59,181,329,468,551,608,668
YCH11,CHEMISTRY,Oct-23,1301,89,284,451,617,799,980,1301
YEC11,ECONOMICS,Oct-23,588,70,220,351,446,521,567,588
YFM01,FURTHER MATHEMATICS,Oct-23,71,35,40,48,58,66,70,71
YMA01,MATHEMATICS,Oct-23,2388,352,822,1181,1465,1750,2003,2388
YPH11,PHYSICS,Oct-23,1336,48,221,377,544,729,931,1336
YPM01,PURE MATHEMATICS,Oct-23,11,0,2,5,10,11,11,11
XAC11,ACCOUNTING,Oct-23,572,,190,290,383,465,529,572
XBI11,BIOLOGY,Oct-23,1929,,314,622,939,1195,1452,1929
XBS11,BUSINESS,Oct-23,1010,,134,341,540,720,843,1010
XCH11,CHEMISTRY,Oct-23,2101,,392,745,1059,1323,1533,2101
XEC11,ECONOMICS,Oct-23,929,,273,494,676,758,826,929
XFM01,FURTHER MATHEMATICS,Oct-23,237,,132,168,195,212,226,237
XAC11,ACCOUNTING,Oct-23,5228,,1374,2310,3127,3799,4274,5228
XPH11,PHYSICS,Oct-23,1968,,175,481,755,1033,1250,1968
YAA01,ARABIC,Jan-19,106,51,68,85,97,101,102,106
YAC11,ACCOUNTING,Jan-19,376,44,97,152,207,280,339,376
YBI01,BIOLOGY,Jan-19,387,33,87,145,219,275,340,387
YBS01,BUSINESS STUDIES,Jan-19,176,2,28,65,103,143,156,176
YCH01,CHEMISTRY,Jan-19,808,56,177,318,438,548,680,808
YEC01,ECONOMICS,Jan-19,167,11,43,77,115,137,156,167
YEN01,ENGLISH LANGUAGE,Jan-19,21,1,1,4,7,11,15,21
YET01,ENGLISH LITERATURE,Jan-19,6,0,1,3,4,4,6,6
YFM01,FURTHER MATHEMATICS,Jan-19,347,95,161,242,283,319,335,347
YFR01,FRENCH,Jan-19,17,0,3,6,12,14,16,17
YGE01,GEOGRAPHY,Jan-19,7,0,0,1,4,4,5,7
YGK01,GREEK,Jan-19,4,1,2,3,4,4,4,4
YGN01,GERMAN,Jan-19,40,8,32,36,39,39,39,40
YHI01,HISTORY,Jan-19,10,0,1,4,8,8,9,10
YMA01,MATHEMATICS,Jan-19,2019,419,929,1318,1582,1760,1876,2019
YPH01,PHYSICS,Jan-19,1065,59,206,359,538,682,850,1065
YPM01,PURE MATHEMATICS,Jan-19,24,0,6,18,23,24,24,24
YPS01,PSYCHOLOGY,Jan-19,11,0,0,2,5,7,8,11
YSP01,SPANISH,Jan-19,75,4,48,72,73,74,74,75
XAA01,ARABIC,Jan-19,403,,174,269,335,378,395,403
XAC11,ACCOUNTING,Jan-19,232,,65,101,135,167,194,232
XBI01,BIOLOGY,Jan-19,1002,,217,443,628,763,864,1002
XBS01,BUSINESS STUDIES,Jan-19,226,,24,59,102,137,162,226
XCH01,CHEMISTRY,Jan-19,1304,,254,534,744,901,1039,1304
XEC01,ECONOMICS,Jan-19,309,,66,133,182,224,259,309
XEN01,ENGLISH LANGUAGE,Jan-19,61,,3,12,26,41,52,61
XET01,ENGLISH LITERATURE,Jan-19,65,,10,22,40,52,61,65
XFM01,FURTHER MATHEMATICS,Jan-19,567,,393,469,509,532,545,567
XFR01,FRENCH,Jan-19,96,,24,38,66,75,85,96
XGE01,GEOGRAPHY,Jan-19,43,,13,17,23,29,34,43
XGK01,GREEK,Jan-19,17,,11,15,17,17,17,17
XGN01,GERMAN,Jan-19,86,,39,49,66,76,82,86
XGN01,GERMAN,Jan-19,48,,9,21,33,39,43,48
XMA01,MATHEMATICS,Jan-19,2574,,945,1421,1835,2082,2255,2574
XPH01,PHYSICS,Jan-19,1460,,267,528,756,956,1144,1460
XPM01,PURE MATHEMATICS,Jan-19,61,,17,26,34,44,49,61
XPS01,PSYCHOLOGY,Jan-19,78,,6,13,30,48,61,78
XSP01,SPANISH,Jan-19,218,,144,184,204,209,215,218
YAA01,ARABIC,Jan-20,413,94,194,305,376,402,412,413
YAC11,ACCOUNTING,Jan-20,238,38,66,93,128,168,198,238
YEN01,ENGLISH LANGUAGE,Jan-20,21,2,2,4,8,13,15,21
YET01,ENGLISH LITERATURE,Jan-20,12,1,1,3,4,7,10,12
YFM01,FURTHER MATHEMATICS,Jan-20,364,90,191,267,307,336,355,364
YFR01,FRENCH,Jan-20,18,1,3,6,13,15,17,18
YGN01,GERMAN,Jan-20,69,10,53,58,60,63,64,69
YHI01,HISTORY,Jan-20,16,1,1,3,7,10,13,16
YMA01,MATHEMATICS,Jan-20,1552,470,873,1098,1250,1363,1441,1552
YPM01,PURE MATHEMATICS,Jan-20,34,1,14,27,31,33,34,34
YPS01,PSYCHOLOGY,Jan-20,12,0,1,2,2,4,6,12
YSP01,SPANISH,Jan-20,105,3,61,99,104,105,105,105
XAA01,ARABIC,Jan-20,590,,250,401,505,549,574,590
XAC11,ACCOUNTING,Jan-20,224,,82,108,140,163,186,224
XBI11,BIOLOGY,Jan-20,909,,169,344,508,635,749,909
XBS11,BUSINESS,Jan-20,358,,45,114,197,248,283,358
XAA01,ARABIC,Jan-20,590,,250,401,505,549,574,590
XCH11,CHEMISTRY,Jan-20,1129,,219,416,651,818,935,1129
XEC11,ECONOMICS,Jan-20,318,,69,131,186,227,265,318
XEN01,ENGLISH LANGUAGE,Jan-20,77,,10,22,40,53,67,77
XFM01,FURTHER MATHEMATICS,Jan-20,592,,377,472,520,547,567,592
XFR01,FRENCH,Jan-20,118,,23,53,78,94,109,118
XGE01,GEOGRAPHY,Jan-20,71,,20,38,48,61,65,71
XGK01,GREEK,Jan-20,33,,25,32,33,33,33,33
XGN01,GERMAN,Jan-20,114,,56,65,85,98,105,114
XHI01,HISTORY,Jan-20,43,,15,26,31,35,37,43
XMA01,MATHEMATICS,Jan-20,2565,,885,1413,1808,2108,2318,2565
XPH11,PHYSICS,Jan-20,1064,,186,370,533,683,806,1064
XPM01,PURE MATHEMATICS,Jan-20,44,,12,17,25,31,35,44
XPS01,PSYCHOLOGY,Jan-20,74,,11,24,40,57,64,74
XSP01,SPANISH,Jan-20,183,,112,152,169,177,181,183
YAA01,ARABIC,Jan-21,594,223,444,553,583,591,593,594
YAC11,ACCOUNTING,Jan-21,331,87,152,206,255,294,307,331
YBI11,BIOLOGY,Jan-21,344,27,118,201,264,313,330,344
YBS11,BUSINESS,Jan-21,151,0,6,28,76,124,140,151
YCH11,CHEMISTRY,Jan-21,624,76,224,352,464,557,594,624
YEC11,ECONOMICS,Jan-21,239,10,81,142,197,224,232,239
YEN01,ENGLISH LANGUAGE,Jan-21,33,5,11,18,25,29,30,33
YET01,ENGLISH LITERATURE,Jan-21,15,4,5,11,13,15,15,15
YFM01,FURTHER MATHEMATICS,Jan-21,532,285,411,475,50,519,525,532
YFR01,FRENCH,Jan-21,29,3,13,23,25,28,28,29
YGE01,GEOGRAPHY,Jan-21,11,0,3,6,9,10,11,11
YGK01,GREEK,Jan-21,13,7,9,12,13,13,13,13
YGN01,GERMAN,Jan-21,67,9,52,55,59,62,63,67
YHI01,HISTORY,Jan-21,23,1,4,13,18,19,20,23
YMA01,MATHEMATICS,Jan-21,2073,675,1357,1703,1907,1997,2037,2073
YPH11,PHYSICS,Jan-21,773,118,304,435,563,634,688,773
YPM01,PURE MATHEMATICS,Jan-21,29,6,21,22,27,29,29,29
YPS01,PSYCHOLOGY,Jan-21,19,2,4,9,11,16,18,19
YSP01,SPANISH,Jan-21,49,10,39,45,46,47,49,49
XAA01,ARABIC,Jan-21,832,,614,759,818,831,832,832
XAC11,ACCOUNTING,Jan-21,202,,124,140,156,175,192,202
XBI11,BIOLOGY,Jan-21,535,,169,278,389,447,498,535
XBS11,BUSINESS,Jan-21,192,,14,49,107,140,164,192
XCH11,CHEMISTRY,Jan-21,701,,181,299,423,537,612,701
XEC11,ECONOMICS,Jan-21,185,,32,78,114,149,167,185
XEN01,ENGLISH LANGUAGE,Jan-21,72,,12,24,39,59,70,72
XET01,ENGLISH LITERATURE,Jan-21,37,,12,19,27,34,36,37
XFM01,FURTHER MATHEMATICS,Jan-21,557,,456,501,527,542,548,557
XFR01,FRENCH,Jan-21,137,,62,90,117,131,135,137
XGE01,GEOGRAPHY,Jan-21,50,,12,25,42,49,49,50
XGK01,GREEK,Jan-21,23,,18,23,23,23,23,23
XGN01,GERMAN,Jan-21,101,,72,83,87,92,94,101
XHI01,HISTORY,Jan-21,34,,18,23,28,31,32,34
XMA01,MATHEMATICS,Jan-21,2074,,1173,1494,1755,1927,2015,2074
XPH11,PHYSICS,Jan-21,651,,261,345,426,489,535,651
XPM01,PURE MATHEMATICS,Jan-21,15,,7,11,12,14,14,15
XPS01,PSYCHOLOGY,Jan-21,39,,10,17,24,32,38,39
XSP01,SPANISH,Jan-21,284,,231,265,278,280,281,284
YAA01,ARABIC,Jan-22,694,236,508,624,664,678,687,694
YAC11,ACCOUNTING,Jan-22,458,95,197,272,340,396,426,458
YBI11,BIOLOGY,Jan-22,439,46,196,271,363,401,424,439
YBS11,BUSINESS,Jan-22,199,0,10,58,108,164,186,199
YCH11,CHEMISTRY,Jan-22,754,79,289,448,565,657,706,754
YEC11,ECONOMICS,Jan-22,456,29,179,309,388,426,440,456
YEN01,ENGLISH LANGUAGE,Jan-22,32,8,14,23,28,31,32,32
YET01,ENGLISH LITERATURE,Jan-22,25,2,9,14,19,23,24,25
YFM01,FURTHER MATHEMATICS,Jan-22,673,350,513,590,635,656,664,673
YFR01,FRENCH,Jan-22,15,3,9,12,14,15,15,15
YGE01,GEOGRAPHY,Jan-22,12,0,4,7,10,12,12,12
YGN01,GERMAN,Jan-22,76,22,63,69,71,73,73,76
YHI01,HISTORY,Jan-22,22,2,4,10,14,19,21,22
YMA01,MATHEMATICS,Jan-22,2472,683,1580,2012,2248,2373,2424,2472
YPH11,PHYSICS,Jan-22,903,96,417,553,652,756,811,903
YPM01,PURE MATHEMATICS,Jan-22,28,5,16,22,24,25,26,28
YPS01,PSYCHOLOGY,Jan-22,30,7,15,19,24,27,29,30
YSP01,SPANISH,Jan-22,298,80,256,291,294,296,296,298
XAA01,ARABIC,Jan-22,786,,561,692,754,773,783,786
XAC11,ACCOUNTING,Jan-22,198,,98,120,135,162,179,198
XBI11,BIOLOGY,Jan-22,594,,221,335,419,491,542,594
XBS11,BUSINESS,Jan-22,187,,31,68,109,150,168,187
XCH11,CHEMISTRY,Jan-22,713,,300,419,504,578,644,713
XEC11,ECONOMICS,Jan-22,304,,135,199,234,257,280,304
XEN01,ENGLISH LANGUAGE,Jan-22,94,,17,31,54,69,78,94
XET01,ENGLISH LITERATURE,Jan-22,31,,5,13,19,26,28,31
XFM01,FURTHER MATHEMATICS,Jan-22,676,,573,620,637,653,662,676
XFR01,FRENCH,Jan-22,89,,42,65,80,89,89,89
XGE01,GEOGRAPHY,Jan-22,39,,11,18,26,31,35,39
XGK01,GREEK,Jan-22,21,,9,19,21,21,21,21
XGN01,GERMAN,Jan-22,74,,70,70,71,71,71,74
XHI01,HISTORY,Jan-22,37,,17,25,28,33,35,37
XMA01,MATHEMATICS,Jan-22,2410,,1247,1602,1926,2139,2278,2410
XPH11,PHYSICS,Jan-22,690,,248,333,416,491,543,690
XPM01,PURE MATHEMATICS,Jan-22,10,,5,8,9,10,10,10
XPS01,PSYCHOLOGY,Jan-22,78,,27,41,53,64,74,78
XSP01,SPANISH,Jan-22,406,,340,374,392,396,398,406
YAA01,ARABIC,Jan-23,658,98,346,537,618,639,650,658
YAC11,ACCOUNTING,Jan-23,569,80,220,347,427,489,536,569
YBI11,BIOLOGY,Jan-23,573,195,301,402,469,521,544,573
YBS11,BUSINESS,Jan-23,323,18,67,135,218,266,292,323
YCH11,CHEMISTRY,Jan-23,1029,153,490,676,805,917,986,1029
YEC11,ECONOMICS,Jan-23,630,47,243,401,502,562,596,630
YEN01,ENGLISH LANGUAGE,Jan-23,50,0,9,16,29,43,49,50
YET01,ENGLISH LITERATURE,Jan-23,25,3,7,12,18,21,22,25
YFM01,FURTHER MATHEMATICS,Jan-23,899,450,658,750,815,849,869,899
YFR01,FRENCH,Jan-23,23,1,10,15,20,22,22,23
YGE01,GEOGRAPHY,Jan-23,11,1,4,6,9,11,11,11
YGN01,GERMAN,Jan-23,75,18,56,64,69,70,72,75
YHI01,HISTORY,Jan-23,45,2,14,20,28,35,42,45
YMA01,MATHEMATICS,Jan-23,2984,926,1815,2309,2601,2792,2884,2984
YPH11,PHYSICS,Jan-23,1276,288,635,831,971,1086,1174,1276
YPM01,PURE MATHEMATICS,Jan-23,26,2,9,18,20,23,26,26
YPS01,PSYCHOLOGY,Jan-23,41,10,16,22,32,36,40,41
YSP01,SPANISH,Jan-23,157,44,132,153,157,157,157,157
XAA01,ARABIC,Jan-23,1052,,682,869,976,1027,1042,1052
XAC11,ACCOUNTING,Jan-23,255,,86,117,154,189,224,255
XBI11,BIOLOGY,Jan-23,876,,222,373,521,637,738,876
XBS11,BUSINESS,Jan-23,404,,47,109,179,246,306,404
XCH11,CHEMISTRY,Jan-23,1208,,351,574,761,902,1033,1208
XEC11,ECONOMICS,Jan-23,525,,208,301,373,432,473,525
XEN01,ENGLISH LANGUAGE,Jan-23,81,,8,22,43,64,74,81
XET01,ENGLISH LITERATURE,Jan-23,88,,7,22,51,69,81,88
XFM01,FURTHER MATHEMATICS,Jan-23,838,,659,730,780,803,815,838
XFR01,FRENCH,Jan-23,128,,44,75,97,108,119,128
XGE01,GEOGRAPHY,Jan-23,48,,9,18,27,38,45,48
XGN01,GERMAN,Jan-23,111,,58,71,86,96,100,111
XHI01,HISTORY,Jan-23,80,,22,38,52,62,71,80
XMA01,MATHEMATICS,Jan-23,3240,,1453,1932,2352,2679,2906,3240
XPH11,PHYSICS,Jan-23,1193,,418,602,744,858,949,1193
XPM01,PURE MATHEMATICS,Jan-23,30,,14,21,26,26,28,30
XPS01,PSYCHOLOGY,Jan-23,154,,32,65,93,119,144,154
XSP01,SPANISH,Jan-23,278,,235,261,274,275,277,278
YAA01,ARABIC,Jan-24,710,190,442,586,660,681,697,710
YAC11,ACCOUNTING,Jan-24,376,21,83,151,196,250,295,376
YBI11,BIOLOGY,Jan-24,598,97,198,283,368,443,507,598
YBS11,BUSINESS,Jan-24,270,15,48,93,144,191,236,270
YCH11,CHEMISTRY,Jan-24,977,60,259,434,591,719,841,977
YEC11,ECONOMICS,Jan-24,447,50,147,235,290,358,405,447
YEN01,ENGLISH LANGUAGE,Jan-24,32,1,1,6,14,24,28,32
YET01,ENGLISH LITERATURE,Jan-24,29,1,5,12,21,23,27,29
YFM01,FURTHER MATHEMATICS,Jan-24,534,169,276,375,442,475,507,534
YFR01,FRENCH,Jan-24,26,2,10,12,17,24,26,26
YGN01,GERMAN,Jan-24,69,6,45,55,59,62,63,69
YHI01,HISTORY,Jan-24,28,0,7,12,19,23,23,28
YMA01,MATHEMATICS,Jan-24,2187,548,1052,1401,1699,1887,2016,2187
YPH11,PHYSICS,Jan-24,1168,75,335,507,659,799,956,1168
YPM01,PURE MATHEMATICS,Jan-24,32,3,13,20,23,25,27,32
YPS01,PSYCHOLOGY,Jan-24,31,6,12,16,20,25,30,31
YSP01,SPANISH,Jan-24,159,7,116,146,157,159,159,159
XAA01,ARABIC,Jan-24,956,,458,677,843,903,938,956
XAC11,ACCOUNTING,Jan-24,238,,67,103,142,178,200,238
XBI11,BIOLOGY,Jan-24,1098,,209,407,605,746,863,1098
XBS11,BUSINESS,Jan-24,600,,40,116,238,347,442,600
XCH11,CHEMISTRY,Jan-24,1352,,219,450,686,888,1057,1352
XEC11,ECONOMICS,Jan-24,460,,120,204,281,337,378,460
XEN01,ENGLISH LANGUAGE,Jan-24,164,,2,25,56,95,125,164
XET01,ENGLISH LITERATURE,Jan-24,106,,5,23,54,80,98,106
XFM01,FURTHER MATHEMATICS,Jan-24,673,,459,539,591,619,643,673
XFM01,FURTHER MATHEMATICS,Jan-24,142,,26,53,77,108,131,142
XGE01,GEOGRAPHY,Jan-24,92,,18,36,55,67,75,92
XGN01,GERMAN,Jan-24,124,,94,101,106,111,116,124
XHI01,HISTORY,Jan-24,100,,34,56,74,80,87,100
XMA01,MATHEMATICS,Jan-24,3281,,1141,1712,2198,2567,2830,3281
XPH11,PHYSICS,Jan-24,1514,,181,423,691,940,1137,1514
XPM01,PURE MATHEMATICS,Jan-24,39,,8,11,15,17,23,39
XPS01,PSYCHOLOGY,Jan-24,238,,41,77,140,172,198,238
XSP01,SPANISH,Jan-24,317,,259,293,309,313,315,317
YAC11,ACCOUNTING,Jun-17,1648,114,365,667,966,1228,1441,1648
YBI01,BIOLOGY,Jun-17,3130,306,853,1342,1812,2202,2519,3130
YBS01,BUSINESS STUDIES,Jun-17,1525,36,359,772,1086,1293,1402,1525
YCH01,CHEMISTRY,Jun-17,4400,449,1210,1994,2626,3163,3595,4400
YEC01,ECONOMICS,Jun-17,1700,79,407,762,1106,1320,1490,1700
YEN01,ENGLISH LANGUAGE,Jun-17,71,2,3,19,40,54,65,71
YET01,ENGLISH LITERATURE,Jun-17,103,10,23,49,75,86,97,103
YFM01,FURTHER MATHEMATICS,Jun-17,1315,354,647,915,1060,1173,1233,1315
YHI01,HISTORY,Jun-17,122,11,41,61,87,102,111,122
YLA1,LAW,Jun-17,398,38,65,96,143,190,229,398
YMA01,MATHEMATICS,Jun-17,7894,1428,3111,4612,5745,6469,7066,7894
YPH01,PHYSICS,Jun-17,4681,257,1096,1957,2648,3263,3783,4681
YPM01,PURE MATHEMATICS,Jun-17,327,33,128,224,264,293,306,327
YPS01,PSYCHOLOGY,Jun-17,201,14,37,84,130,151,177,201
XAA01,ARABIC,Jun-17,53,,32,41,45,51,53,53
XAC11,ACCOUNTING,Jun-17,979,,323,491,666,797,879,979
XBI01,BIOLOGY,Jun-17,3921,,808,1453,1997,2478,2969,3921
XBS01,BUSINESS STUDIES,Jun-17,1437,,305,521,757,922,1087,1437
XCH01,CHEMISTRY,Jun-17,5029,,1167,1996,2711,3304,3828,5029
XEC01,ECONOMICS,Jun-17,1412,,364,645,846,999,1141,1412
XEN01,ENGLISH LANGUAGE,Jun-17,226,,0,14,66,118,172,226
XET01,ENGLISH LITERATURE,Jun-17,267,,48,99,153,199,235,267
XFM01,FURTHER MATHEMATICS,Jun-17,920,,526,659,749,812,851,920
XFR01,FRENCH,Jun-17,385,,96,150,216,282,332,385
XGE01,GEOGRAPHY,Jun-17,217,,50,70,99,122,158,217
XGK01,GREEK,Jun-17,162,,101,140,156,162,162,162
XGN01,GERMAN,Jun-17,141,,51,68,92,104,120,141
XHI01,HISTORY,Jun-17,224,,38,77,110,146,186,224
XIT01,APPLIED ICT,Jun-17,221,,18,48,99,137,168,221
XMA01,MATHEMATICS,Jun-17,9109,,3038,4481,5693,6684,7432,9109
XPH01,PHYSICS,Jun-17,4727,,964,1583,2199,2773,3298,4727
XPM01,PURE MATHEMATICS,Jun-17,262,,91,135,174,205,218,262
XPS01,PSYCHOLOGY,Jun-17,405,,38,79,149,224,282,405
XSP01,SPANISH,Jun-17,375,,235,303,336,362,368,375
XAA01,ARABIC,Jun-18,398,89,194,296,349,379,389,398
YAC11,ACCOUNTING,Jun-18,1279,72,376,610,826,1018,1142,1279
YBI01,BIOLOGY,Jun-18,2451,405,864,1312,1683,1975,2209,2451
YBS01,BUSINESS STUDIES,Jun-18,1104,28,298,603,855,977,1045,1104
YCH01,CHEMISTRY,Jun-18,3751,414,1231,1942,2545,3018,3356,3751
YEC01,ECONOMICS,Jun-18,1337,85,408,761,998,1147,1231,1337
YEN01,ENGLISH LANGUAGE,Jun-18,104,1,3,22,50,71,94,104
YET01,ENGLISH LITERATURE,Jun-18,201,15,52,108,145,183,194,201
YFM01,FURTHER MATHEMATICS,Jun-18,1569,441,801,1112,1304,1428,1493,1569
YFR01,FRENCH,Jun-18,320,10,102,191,258,298,312,320
YGE01,GEOGRAPHY,Jun-18,150,4,36,79,124,140,147,150
YGK01,GREEK,Jun-18,154,17,73,124,142,153,154,154
YGN01,GERMAN,Jun-18,178,19,80,115,144,159,173,178
YHI01,HISTORY,Jun-18,171,19,45,83,119,139,153,171
YIT01,APPLIED ICT,Jun-18,95,2,11,32,48,68,82,95
YLA1,LAW,Jun-18,419,36,56,81,121,170,217,419
YMA01,MATHEMATICS,Jun-18,8222,1737,3535,5109,6270,7079,7654,8222
YPH01,PHYSICS,Jun-18,3979,315,1081,1815,2462,2999,3454,3979
YPM01,PURE MATHEMATICS,Jun-18,329,23,137,216,259,299,310,329
YPS01,PSYCHOLOGY,Jun-18,167,19,36,82,118,144,156,167
YSP01,SPANISH,Jun-18,585,19,312,509,557,579,584,585
XAA01,ARABIC,Jun-18,871,,498,684,798,841,856,871
XAC11,ACCOUNTING,Jun-18,899,,308,453,603,712,799,899
XBI01,BIOLOGY,Jun-18,4045,,882,1576,2184,2681,3173,4045
XBS01,BUSINESS STUDIES,Jun-18,1591,,558,814,1045,1216,1356,1591
XCH01,CHEMISTRY,Jun-18,5064,,1315,2082,2802,3412,3909,5064
XEC01,ECONOMICS,Jun-18,1433,,424,699,901,1048,1174,1433
XEN01,ENGLISH LANGUAGE,Jun-18,224,,2,6,37,90,142,224
XET01,ENGLISH LITERATURE,Jun-18,376,,77,144,211,269,331,376
XFM01,FURTHER MATHEMATICS,Jun-18,1245,,750,926,1045,1115,1164,1245
XFR01,FRENCH,Jun-18,481,,124,203,302,363,404,481
XGE01,GEOGRAPHY,Jun-18,214,,52,82,107,138,160,214
XGK01,GREEK,Jun-18,292,,208,264,283,291,291,292
XGN01,GERMAN,Jun-18,238,,65,98,128,159,192,238
XHI01,HISTORY,Jun-18,297,,80,152,212,246,276,297
XIT01,APPLIED ICT,Jun-18,397,,26,85,151,207,281,397
XMA01,MATHEMATICS,Jun-18,11420,,3929,5863,7416,8618,9532,11420
XPH01,PHYSICS,Jun-18,4835,,998,1635,2231,2825,3408,4835
XPM01,PURE MATHEMATICS,Jun-18,258,,112,150,172,193,212,258
XPS01,PSYCHOLOGY,Jun-18,460,,73,137,218,296,363,460
XSP01,SPANISH,Jun-18,587,,358,488,539,569,580,587
XAA01,ARABIC,Jun-19,1127,237,625,905,1034,1093,1109,1127
YAC11,ACCOUNTING,Jun-19,1371,105,375,643,880,1074,1228,1371
YBI01,BIOLOGY,Jun-19,2604,513,959,1371,1747,2083,2359,2604
YBS01,BUSINESS STUDIES,Jun-19,1410,82,481,846,1087,1251,1344,1410
YCH01,CHEMISTRY,Jun-19,3972,450,1323,2130,2745,3194,3579,3972
YEC01,ECONOMICS,Jun-19,1552,133,588,986,1235,1392,1471,1552
YEN01,ENGLISH LANGUAGE,Jun-19,98,4,7,19,46,73,86,98
YET01,ENGLISH LITERATURE,Jun-19,267,9,56,117,188,237,258,267
YFM01,FURTHER MATHEMATICS,Jun-19,2218,710,1256,1675,1903,2044,2125,2218
YFR01,FRENCH,Jun-19,354,15,98,200,275,315,338,354
YGE01,GEOGRAPHY,Jun-19,168,5,48,99,126,151,161,168
YGK01,GREEK,Jun-19,352,45,230,305,342,347,352,352
YGN01,GERMAN,Jun-19,231,22,109,148,177,208,219,231
YHI01,HISTORY,Jun-19,234,19,72,135,186,214,225,234
YIT01,APPLIED ICT,Jun-19,142,9,23,55,86,111,122,142
YLA1,LAW,Jun-19,341,40,56,82,120,156,187,341
YMA01,MATHEMATICS,Jun-19,10317,2260,4740,6697,8068,8982,9644,10317
YPH01,PHYSICS,Jun-19,4166,364,1213,2017,2658,3189,3657,4166
YPM01,PURE MATHEMATICS,Jun-19,380,31,176,271,324,348,371,380
YPS01,PSYCHOLOGY,Jun-19,257,26,64,116,171,215,243,257
YSP01,SPANISH,Jun-19,801,21,420,714,775,793,798,801
XAA01,ARABIC,Jun-19,1238,,663,930,1088,1162,1202,1238
XAC11,ACCOUNTING,Jun-19,752,,258,383,502,591,668,752
XBI01,BIOLOGY,Jun-19,1092,,224,407,555,717,841,1092
XBI11,BIOLOGY,Jun-19,3261,,743,1210,1656,2055,2470,3261
XBS01,BUSINESS STUDIES,Jun-19,334,,67,120,171,223,257,334
XBS11,BUSINESS,Jun-19,1368,,165,352,557,779,966,1368
XCH01,CHEMISTRY,Jun-19,1217,,256,473,664,808,938,1217
XCH11,CHEMISTRY,Jun-19,4385,,1154,1841,2509,3100,3501,4385
XEC01,ECONOMICS,Jun-19,335,,112,179,230,261,290,335
XEC11,ECONOMICS,Jun-19,1138,,379,606,789,898,999,1138
XEN01,ENGLISH LANGUAGE,Jun-19,196,,11,43,81,132,166,196
XET01,ENGLISH LITERATURE,Jun-19,395,,66,127,246,317,365,395
XFM01,FURTHER MATHEMATICS,Jun-19,1699,,1116,1352,1496,1571,1619,1699
XFR01,FRENCH,Jun-19,496,,128,210,303,371,432,496
XGE01,GEOGRAPHY,Jun-19,273,,64,97,135,171,202,273
XGK01,GREEK,Jun-19,406,,297,377,399,403,405,406
XGN01,GERMAN,Jun-19,252,,70,110,144,177,203,252
XHI01,HISTORY,Jun-19,337,,73,150,219,256,292,337
XIT01,APPLIED ICT,Jun-19,103,,24,43,58,71,89,103
XIT11,INFORMATION TECHNOLOGY,Jun-19,218,,12,28,52,93,133,218
XMA01,MATHEMATICS,Jun-19,12875,,4647,6783,8507,9851,10883,12875
XPH01,PHYSICS,Jun-19,1378,,290,490,691,869,1028,1378
XPH11,PHYSICS,Jun-19,3559,,768,1210,1698,2148,2549,3559
XPM01,PURE MATHEMATICS,Jun-19,260,,102,145,174,200,222,260
XPS01,PSYCHOLOGY,Jun-19,360,,61,110,172,233,296,360
XSP01,SPANISH,Jun-19,620,,404,516,570,591,608,620
XAA01,ARABIC,Jun-20,1291,529,1025,1199,1259,1281,1290,1291
YAC11,ACCOUNTING,Jun-20,1125,259,546,800,958,1056,1096,1125
YBI01,BIOLOGY,Jun-20,182,34,58,113,150,170,180,182
YBI11,BIOLOGY,Jun-20,2224,647,1228,1698,1971,2115,2185,2224
YBS01,BUSINESS STUDIES,Jun-20,78,9,19,34,48,69,74,78
YBS11,BUSINESS,Jun-20,1141,159,373,679,938,1068,1115,1141
YCH01,CHEMISTRY,Jun-20,269,38,90,150,213,249,264,269
YCH11,CHEMISTRY,Jun-20,3376,931,1851,2584,3030,3236,3335,3376
YEC01,ECONOMICS,Jun-20,71,10,37,53,63,65,68,71
YEC11,ECONOMICS,Jun-20,1350,315,695,1060,1236,1306,1338,1350
YEN01,ENGLISH LANGUAGE,Jun-20,100,17,30,64,86,94,100,100
YET01,ENGLISH LITERATURE,Jun-20,283,54,97,172,240,270,279,283
YFM01,FURTHER MATHEMATICS,Jun-20,2229,1064,1707,2002,2112,21172,2197,2229
YFR01,FRENCH,Jun-20,376,40,162,267,328,367,376,376
YGE01,GEOGRAPHY,Jun-20,210,31,95,150,184,199,208,210
YGK01,GREEK,Jun-20,350,88,285,341,349,350,350,350
YGN01,GERMAN,Jun-20,193,40,114,153,180,189,193,193
YHI01,HISTORY,Jun-20,281,61,129,209,250,272,278,281
YIT11,INFORMATION TECHNOLOGY,Jun-20,141,12,34,74,119,132,139,141
YLA1,LAW,Jun-20,143,22,64,96,121,129,137,143
YMA01,MATHEMATICS,Jun-20,10183,3416,6095,8142,9254,9789,10032,10183
YPH01,PHYSICS,Jun-20,361,44,94,183,254,299,344,361
YPH11,PHYSICS,Jun-20,3062,742,1542,2227,2674,2897,3003,3062
YPM01,PURE MATHEMATICS,Jun-20,274,91,208,249,269,273,274,274
YPS01,PSYCHOLOGY,Jun-20,232,40,95,146,193,220,229,232
YSP01,SPANISH,Jun-20,859,147,643,802,847,857,858,859
XAA01,ARABIC,Jun-20,1070,,656,896,1013,1058,1068,1070
XAC11,ACCOUNTING,Jun-20,710,,367,505,593,641,672,710
XBI11,BIOLOGY,Jun-20,3591,,1532,2222,2847,3262,3482,3591
XBS11,BUSINESS,Jun-20,1644,,487,876,1228,1455,1589,1644
XCH11,CHEMISTRY,Jun-20,4545,,2273,3120,3786,4189,4399,4545
XEC11,ECONOMICS,Jun-20,1316,,646,915,1145,1223,1273,1316
XEN01,ENGLISH LANGUAGE,Jun-20,194,,47,108,157,183,194,194
XET01,ENGLISH LITERATURE,Jun-20,418,,149,254,343,398,410,418
XFM01,FURTHER MATHEMATICS,Jun-20,1762,,1397,1578,1665,1702,1723,1762
XFR01,FRENCH,Jun-20,490,,185,319,419,462,478,490
XGE01,GEOGRAPHY,Jun-20,277,,108,167,223,253,267,277
XGK01,GREEK,Jun-20,255,,197,240,255,255,255,255
XGN01,GERMAN,Jun-20,196,,107,150,172,185,195,196
XHI01,HISTORY,Jun-20,341,,165,247,307,331,337,341
XIT11,INFORMATION TECHNOLOGY,Jun-20,233,,79,136,179,213,225,233
XMA01,MATHEMATICS,Jun-20,12020,,6304,8370,10089,11068,11571,12020
XPH11,PHYSICS,Jun-20,3627,,1436,2108,2732,3171,3436,3627
XPM01,PURE MATHEMATICS,Jun-20,209,,134,158,194,201,207,209
XPS01,PSYCHOLOGY,Jun-20,422,,146,227,308,377,410,422
XSP01,SPANISH,Jun-20,598,,434,552,585,596,598,598
XAA01,ARABIC,Jun-21,1666,924,1466,1616,1647,1651,1658,1666
YAC11,ACCOUNTING,Jun-21,2052,524,1193,1682,1928,2010,2035,2052
YBI11,BIOLOGY,Jun-21,3478,1149,2121,2816,3233,3385,3440,3478
YBS11,BUSINESS,Jun-21,2478,308,966,1761,2226,2387,2443,2478
YCH11,CHEMISTRY,Jun-21,5042,1489,3113,4107,4641,4868,4973,5042
YEC11,ECONOMICS,Jun-21,2242,617,1306,1846,2096,2199,2219,2242
YEN01,ENGLISH LANGUAGE,Jun-21,236,34,79,143,201,226,233,236
YET01,ENGLISH LITERATURE,Jun-21,380,90,177,278,337,376,379,380
YFM01,FURTHER MATHEMATICS,Jun-21,2358,1464,1988,2187,2283,2317,2339,2358
YFR01,FRENCH,Jun-21,475,69,245,359,432,465,472,475
YGE01,GEOGRAPHY,Jun-21,301,59,141,218,268,291,298,301
YGK01,GREEK,Jun-21,475,170,414,457,471,475,475,475
YGN01,GERMAN,Jun-21,235,57,181,203,221,230,232,235
YHI01,HISTORY,Jun-21,357,134,219,279,322,341,350,357
YIT11,INFORMATION TECHNOLOGY,Jun-21,274,86,148,217,252,266,271,274
YLA1,LAW,Jun-21,432,102,239,340,392,420,429,432
YMA01,MATHEMATICS,Jun-21,13081,4608,8579,11078,12214,12734,12939,13081
YPH11,PHYSICS,Jun-21,4935,1347,2920,3945,4490,4729,4824,4935
YPM01,PURE MATHEMATICS,Jun-21,389,134,298,353,376,385,389,389
YPS01,PSYCHOLOGY,Jun-21,361,95,180,271,327,352,359,361
YSP01,SPANISH,Jun-21,955,234,735,904,940,951,954,955
XAA01,ARABIC,Jun-21,1652,,1185,1441,1581,1636,1647,1652
XAC11,ACCOUNTING,Jun-21,966,,515,703,812,876,923,966
XBI11,BIOLOGY,Jun-21,4443,,2515,3310,3860,4155,4294,4443
XBS11,BUSINESS,Jun-21,2445,,898,1501,1958,2199,2328,2445
XCH11,CHEMISTRY,Jun-21,5705,,3197,4163,4871,5239,5458,5705
XEC11,ECONOMICS,Jun-21,2270,,1307,1727,2000,2117,2162,2270
XEN01,ENGLISH LANGUAGE,Jun-21,300,,77,167,246,266,280,300
XET01,ENGLISH LITERATURE,Jun-21,463,,203,305,399,435,451,463
XFM01,FURTHER MATHEMATICS,Jun-21,2175,,1876,2032,2089,2129,2146,2175
XFR01,FRENCH,Jun-21,435,,189,293,364,405,419,435
XGE01,GEOGRAPHY,Jun-21,415,,178,258,321,364,393,415
XGK01,GREEK,Jun-21,406,,329,385,404,406,406,406
XGN01,GERMAN,Jun-21,224,,147,182,200,215,219,224
XHI01,HISTORY,Jun-21,488,,264,372,437,465,474,488
XIT11,INFORMATION TECHNOLOGY,Jun-21,542,,285,400,466,502,516,542
XMA01,MATHEMATICS,Jun-21,14199,,8425,10565,12209,13190,13681,14199
XPH11,PHYSICS,Jun-21,4944,,2687,3431,4020,4380,4600,4944
XPM01,PURE MATHEMATICS,Jun-21,264,,168,213,240,252,257,264
XPS01,PSYCHOLOGY,Jun-21,648,,325,446,543,601,628,648
XSP01,SPANISH,Jun-21,724,,499,650,704,718,721,724
YAA01,ARABIC,Jun-22,1597,657,1237,1491,1557,1576,1586,1597
YAC11,ACCOUNTING,Jun-22,1489,244,678,969,1181,1316,1406,1489
YBI11,BIOLOGY,Jun-22,3758,1013,1960,2607,3091,3432,3624,3758
YBS11,BUSINESS,Jun-22,2238,209,761,1327,1761,2039,2164,2238
YCH11,CHEMISTRY,Jun-22,4905,982,2422,3322,3965,4438,4733,4905
YEC11,ECONOMICS,Jun-22,2674,424,1396,2042,2354,2537,2615,2674
YEN01,ENGLISH LANGUAGE,Jun-22,269,22,71,133,193,233,253,269
YET01,ENGLISH LITERATURE,Jun-22,417,59,153,283,356,391,414,417
YFM01,FURTHER MATHEMATICS,Jun-22,2705,1274,1971,2321,2506,2604,2664,2705
YFR01,FRENCH,Jun-22,423,36,209,299,374,404,418,423
YGE01,GEOGRAPHY,Jun-22,325,29,139,217,278,301,316,325
YGK01,GREEK,Jun-22,487,106,331,436,470,474,484,487
YET01,ENGLISH LITERATURE,Jun-22,245,43,171,208,223,231,243,245
YHI01,HISTORY,Jun-22,487,89,213,311,393,443,467,487
YIT11,INFORMATION TECHNOLOGY,Jun-22,453,52,134,234,316,378,411,453
YLA1,LAW,Jun-22,336,58,118,146,178,217,254,336
YMA01,MATHEMATICS,Jun-22,13402,3702,7544,9954,11513,12456,13006,13402
YPH11,PHYSICS,Jun-22,4732,838,2307,3069,3604,4066,4421,4732
YPM01,PURE MATHEMATICS,Jun-22,235,60,140,177,198,218,226,235
YPS01,PSYCHOLOGY,Jun-22,540,105,257,373,457,501,527,540
YSP01,SPANISH,Jun-22,932,121,645,843,905,921,928,932
XAA01,ARABIC,Jun-22,1852,,1162,1505,1680,1776,1820,1852
XAC11,ACCOUNTING,Jun-22,988,,435,586,698,811,904,988
XBI11,BIOLOGY,Jun-22,5134,,2241,2982,3636,4174,4562,5134
XBS11,BUSINESS,Jun-22,2781,,750,1229,1685,2036,2324,2781
XCH11,CHEMISTRY,Jun-22,6239,,2665,3506,4221,4823,5339,6239
XEC11,ECONOMICS,Jun-22,2647,,1201,1682,2028,2243,2416,2647
XEN01,ENGLISH LANGUAGE,Jun-22,433,,68,170,269,360,401,433
XET01,ENGLISH LITERATURE,Jun-22,518,,142,270,375,452,487,518
XFM01,FURTHER MATHEMATICS,Jun-22,2312,,1940,2094,2179,2246,2276,2312
XFR01,FRENCH,Jun-22,443,,155,247,332,376,409,443
XGE01,GEOGRAPHY,Jun-22,410,,126,191,247,304,344,410
XGK01,GREEK,Jun-22,367,,270,327,349,364,367,367
XGN01,GERMAN,Jun-22,203,,91,116,138,162,182,203
XHI01,HISTORY,Jun-22,501,,218,328,384,428,466,501
XIT11,INFORMATION TECHNOLOGY,Jun-22,563,,135,206,291,365,428,563
XMA01,MATHEMATICS,Jun-22,15381,,7433,9669,11503,12898,13954,15381
XPH11,PHYSICS,Jun-22,5391,,2278,2976,3542,4039,4412,5391
XPM01,PURE MATHEMATICS,Jun-22,231,,122,157,186,201,214,231
XPS01,PSYCHOLOGY,Jun-22,771,,276,385,509,601,680,771
XSP01,SPANISH,Jun-22,557,,361,455,511,535,552,557
YAA01,ARABIC,Jun-23,1708,376,1061,1441,1621,1677,1702,1708
YAC11,ACCOUNTING,Jun-23,1403,80,437,697,920,1108,1251,1403
YBI11,BIOLOGY,Jun-23,4034,904,1772,2365,2874,3311,3662,4034
YBS11,BUSINESS,Jun-23,2448,231,696,1254,1698,2037,2241,2448
YCH11,CHEMISTRY,Jun-23,5020,690,2021,2904,3623,4180,4596,5020
YEC11,ECONOMICS,Jun-23,2868,274,1024,1711,2247,2567,2741,2868
YEN01,ENGLISH LANGUAGE,Jun-23,316,3,40,111,201,255,294,316
YET01,ENGLISH LITERATURE,Jun-23,479,18,102,207,342,435,464,479
YFM01,FURTHER MATHEMATICS,Jun-23,2578,883,1471,1936,2184,2373,2476,2578
YFR01,FRENCH,Jun-23,410,29,162,270,344,385,394,410
YGE01,GEOGRAPHY,Jun-23,376,12,111,208,287,333,361,376
YGK01,GREEK,Jun-23,544,84,366,491,534,541,543,544
YGN01,GERMAN,Jun-23,276,30,161,226,249,266,271,276
YHI01,HISTORY,Jun-23,490,47,187,308,400,438,463,490
YIT11,INFORMATION TECHNOLOGY,Jun-23,416,17,83,144,205,273,326,416
YLA1,LAW,Jun-23,396,45,62,99,132,174,238,396
YMA01,MATHEMATICS,Jun-23,13347,2890,6265,8722,10438,11644,12505,13347
YPH11,PHYSICS,Jun-23,4842,555,1799,2645,3397,3937,4361,4842
YPM01,PURE MATHEMATICS,Jun-23,206,28,108,146,167,188,199,206
YPS01,PSYCHOLOGY,Jun-23,636,62,208,358,459,538,593,636
YSP01,SPANISH,Jun-23,944,84,591,840,915,932,940,944
XAA01,ARABIC,Jun-23,2002,,1037,1495,1782,1902,1954,2002
XAC11,ACCOUNTING,Jun-23,1211,,405,585,763,930,1065,1211
XBI11,BIOLOGY,Jun-23,5518,,1526,2319,3018,3698,4317,5518
XBS11,BUSINESS,Jun-23,3181,,408,863,1362,1855,2280,3181
XCH11,CHEMISTRY,Jun-23,7011,,1967,3085,4087,4915,5617,7011
XEC11,ECONOMICS,Jun-23,2968,,945,1555,2012,2341,2579,2968
XEN01,ENGLISH LANGUAGE,Jun-23,556,,46,137,256,410,495,556
XET01,ENGLISH LITERATURE,Jun-23,561,,86,210,352,437,510,561
XFM01,FURTHER MATHEMATICS,Jun-23,2221,,1561,1816,1968,2056,2119,2221
XFR01,FRENCH,Jun-23,441,,153,235,304,362,412,441
XGE01,GEOGRAPHY,Jun-23,470,,89,154,233,289,347,470
XGK01,GREEK,Jun-23,326,,201,281,314,325,326,326
XGN01,GERMAN,Jun-23,227,,137,168,186,203,216,227
XHI01,HISTORY,Jun-23,538,,183,297,382,454,500,538
XIT11,INFORMATION TECHNOLOGY,Jun-23,708,,43,107,203,346,505,708
XMA01,MATHEMATICS,Jun-23,16143,,6263,8539,10599,12396,13622,16143
XPH11,PHYSICS,Jun-23,6275,,1589,2466,3259,3998,4594,6275
XPM01,PURE MATHEMATICS,Jun-23,227,,125,156,175,196,205,227
XPS01,PSYCHOLOGY,Jun-23,966,,170,312,462,624,748,966
XSP01,SPANISH,Jun-23,551,,337,439,500,525,537,551
YAC11,ACCOUNTING,Oct-17,560,39,130,201,280,372,455,560
YBI01,BIOLOGY,Oct-17,386,7,34,82,127,180,234,386
YBS01,BUSINESS STUDIES,Oct-17,340,7,85,157,209,258,299,340
YCH01,CHEMISTRY,Oct-17,392,13,38,77,127,180,241,392
YEC01,ECONOMICS,Oct-17,242,4,21,61,107,142,179,242
YHI01,HISTORY,Oct-17,8,0,0,1,3,3,5,8
YLA1,LAW,Oct-17,30,2,2,5,7,12,17,30
YMA01,MATHEMATICS,Oct-17,941,201,338,447,540,647,729,941
YPH01,PHYSICS,Oct-17,487,11,72,115,183,232,298,487
YPS01,PSYCHOLOGY,Oct-17,4,0,1,1,1,1,3,4
XAC11,ACCOUNTING,Oct-17,315,,71,139,200,251,276,315
XBI01,BIOLOGY,Oct-17,452,,68,131,188,254,314,452
XBS01,BUSINESS STUDIES,Oct-17,278,,62,125,184,214,240,278
XCH01,CHEMISTRY,Oct-17,548,,68,164,244,316,383,548
XEC01,ECONOMICS,Oct-17,214,,40,75,114,147,176,214
XHI01,HISTORY,Oct-17,9,,1,5,7,9,9,9
XMA01,MATHEMATICS,Oct-17,1421,,467,725,938,1087,1222,1421
XPH01,PHYSICS,Oct-17,656,,98,216,589,374,448,656
XPS01,PSYCHOLOGY,Oct-17,20,,2,6,8,13,15,20
YAC11,ACCOUNTING,Oct-18,581,48,134,218,300,396,472,581
YBI01,BIOLOGY,Oct-18,847,15,88,194,306,425,536,847
YBS01,BUSINESS STUDIES,Oct-18,437,37,133,237,307,361,390,437
YCH01,CHEMISTRY,Oct-18,948,30,97,195,305,426,566,948
YEC01,ECONOMICS,Oct-18,412,15,64,136,218,280,331,412
YHI01,HISTORY,Oct-18,6,0,0,2,5,6,6,6
YLA1,LAW,Oct-18,21,2,3,3,3,6,10,21
YMA01,MATHEMATICS,Oct-18,1345,200,442,610,745,894,1039,1345
YPH01,PHYSICS,Oct-18,901,19,89,178,264,373,502,901
YPS01,PSYCHOLOGY,Oct-18,7,0,0,0,3,4,5,7
XAC11,ACCOUNTING,Oct-18,469,,129,206,279,343,401,469
XBI01,BIOLOGY,Oct-18,1019,,136,274,420,545,681,1019
XBS01,BUSINESS STUDIES,Oct-18,443,,116,193,270,316,361,443
XCH01,CHEMISTRY,Oct-18,1067,,137,288,422,565,674,1067
XEC01,ECONOMICS,Oct-18,425,,60,137,221,283,340,425
XHI01,HISTORY,Oct-18,11,,3,4,8,11,11,11
XMA01,MATHEMATICS,Oct-18,2247,,670,1053,1386,1665,1856,2247
XPH01,PHYSICS,Oct-18,1178,,135,279,416,542,706,1178
XPS01,PSYCHOLOGY,Oct-18,31,,4,11,17,21,24,31
YAC11,ACCOUNTING,Oct-19,563,38,142,228,307,393,475,563
YBI01,BIOLOGY,Oct-19,1110,30,104,248,403,572,736,1110
YBS01,BUSINESS STUDIES,Oct-19,539,57,182,296,400,453,487,539
YCH01,CHEMISTRY,Oct-19,1333,41,163,335,526,703,889,1333
YEC01,ECONOMICS,Oct-19,473,28,95,190,288,377,422,473
YHI01,HISTORY,Oct-19,9,0,0,3,4,5,6,9
YLA1,LAW,Oct-19,23,4,8,9,13,14,17,23
YMA01,MATHEMATICS,Oct-19,1922,291,564,854,1073,1330,1545,1922
YPH01,PHYSICS,Oct-19,1586,38,200,416,617,816,1027,1586
YPS01,PSYCHOLOGY,Oct-19,19,1,1,4,8,9,13,19
XAC11,ACCOUNTING,Oct-19,195,,41,73,106,148,163,195
XBI11,BIOLOGY,Oct-19,515,,109,202,289,373,420,515
XBS11,BUSINESS,Oct-19,148,,16,40,70,96,117,148
XCH11,CHEMISTRY,Oct-19,604,,94,221,343,428,496,604
XEC11,ECONOMICS,Oct-19,160,,36,74,99,121,140,160
XHI01,HISTORY,Oct-19,12,,5,7,8,11,11,12
XMA01,MATHEMATICS,Oct-19,2498,,777,1281,1669,1970,2183,2498
XPH11,PHYSICS,Oct-19,589,,103,213,311,388,452,589
XPS01,PSYCHOLOGY,Oct-19,38,,6,12,18,27,36,38
9BSA1,Business Studies,Jan-14,175,1.1,6.9,14.9,33.1,53.7,76.6,100
9ECA1,Economics,Jan-14,169,0,8.3,22.5,40.2,60.4,84,100
9ETA1,English Literature,Jan-14,10,0,40,60,80,90,90,100
9PSA1,Psychology,Jan-14,8,0,12.5,12.5,62.5,75,87.5,100
YAC01,Accounting,Jan-14,685,9.9,21.6,34.6,51.7,70.4,82,100
YBI01,Biology,Jan-14,467,4.7,20.8,39.2,58.5,72.4,86.9,100
YCH01,Chemistry,Jan-14,947,4.6,23.3,41.2,58.2,72.3,84.9,100
YFM01,Further Mathematics,Jan-14,222,25.2,53.2,67.1,78.8,89.6,95.9,100
YMA01,Mathematics,Jan-14,2345,16.7,35.9,53.2,66.1,78.2,87.4,100
YPH01,Physics,Jan-14,1171,3.2,18.2,33.3,46.2,61.9,77.1,100
YPM01,Pure Mathematics,Jan-14,18,5.6,44.4,72.2,83.3,83.3,88.9,100
8BSA1,Business Studies,Jan-14,82,,3.7,7.3,17.1,35.4,51.2,100
8ECA1,Economics,Jan-14,103,,6.8,21.4,38.8,55.3,68.9,100
8RSA1,Religious Studies,Jan-14,1,,100,100,100,100,100,100
XAC01,Accounting,Jan-14,354,,23.7,36.4,50.8,67.2,80.5,100
XBI01,Biology,Jan-14,656,,11.1,30.6,44.2,56.9,70.1,100
XBS01,Business Studies,Jan-14,109,,11.9,21.1,32.1,39.4,55,100
XCH01,Chemistry,Jan-14,874,,16.6,36.2,51.5,62.6,72.8,100
XEC01,Economics,Jan-14,124,,12.1,19.4,33.9,47.6,60.5,100
XFM01,Further Mathematics,Jan-14,239,,60.3,79.9,89.5,92.9,95.4,100
XMA01,Mathematics,Jan-14,1256,,23.9,38.4,51.2,65.7,76.4,100
XPH01,Physics,Jan-14,1043,,17.6,37,53.3,66.2,76.9,100
XPM01,Pure Mathematics,Jan-14,59,,27.1,42.4,54.2,64.4,71.2,100
YAC01,Accounting,Jan-15,478,8.6,22.2,38.7,53.3,70.1,84.3,100
YBI01,Biology,Jan-15,348,5.2,13.8,30.7,53.4,68.1,82.5,100
YBS01,Business Studies,Jan-15,113,1.8,7.1,15,25.7,52.2,68.1,100
YCH01,Chemistry,Jan-15,774,6.2,20.2,34.6,52.2,67.3,82.8,100
YEC01,Economics,Jan-15,150,0,6,16.7,34,51.3,69.3,100
YFM01,Further Mathematics,Jan-15,211,36,63.5,79.6,91,95.3,97.6,100
YMA01,Mathematics,Jan-15,1490,15.5,38.5,54.8,67,78.3,86.8,100
YPH01,Physics,Jan-15,1060,3.1,16.8,32.9,46.8,62.5,76.4,100
YPM01,Pure Mathematics,Jan-15,26,3.8,53.8,80.8,84.6,100,100,100
XAC01,Accounting,Jan-15,564,,26.6,43.4,61.5,73.2,81.6,100
XBI01,Biology,Jan-15,1331,,12.2,30.7,52,66.7,77.9,100
XBS01,Business Studies,Jan-15,191,,4.2,15.7,30.4,47.1,59.2,100
XCH01,Chemistry,Jan-15,1703,,14.6,34.3,51.8,65.3,76.7,100
XEC01,Economics,Jan-15,359,,6.4,18.4,36.2,52.9,71.3,100
XFM01,Further Mathematics,Jan-15,249,,62.2,80.7,89.2,94,95.2,100
XMA01,Mathematics,Jan-15,1625,,38.2,52.7,64.7,74,82.2,100
XPH01,Physics,Jan-15,1721,,20.3,40.6,57.6,71,80.7,100
XPM01,Pure Mathematics,Jan-15,59,,27.1,30.5,39,50.8,66.1,100
YAC01,Accounting,Jan-16,465,7.3,23.2,41.9,59.1,72,86.9,100
YBI01,Biology,Jan-16,384,5.7,16.9,31.3,51,67.7,82.3,100
YBS01,Business Studies,Jan-16,164,1.2,8.5,22.6,47,71.3,83.5,100
YCH01,Chemistry,Jan-16,761,6.8,18.7,31.7,47.8,63.2,78.2,100
YEC01,Economics,Jan-16,150,0.7,9.3,22.7,41.3,63.3,83.3,100
YFM01,Further Mathematics,Jan-16,211,19,45.5,67.3,79.6,88.2,95.7,100
YMA01,Mathematics,Jan-16,1591,16.7,40.4,58.7,70.3,80.5,89.1,100
YPH01,Physics,Jan-16,1042,3.3,15.2,32.6,48.2,64.2,77.1,100
YPM01,Pure Mathematics,Jan-16,65,4.6,44.6,80,93.8,100,100,100
XAC01,Accounting,Jan-16,432,,24.8,38.9,54.4,68.1,76.4,100
XBI01,Biology,Jan-16,1155,,15,36.5,56,69.9,82.1,100
XBS01,Business Studies,Jan-16,248,,11.7,27,38.3,54.8,69,100
XCH01,Chemistry,Jan-16,1343,,14.7,35.4,53.8,69.3,80.9,100
XEC01,Economics,Jan-16,264,,7.6,24.6,41.7,55.3,69.3,100
XFM01,Further Mathematics,Jan-16,246,,54.1,75.2,82.5,91.1,94.3,100
XMA01,Mathematics,Jan-16,1707,,33.8,50.8,63.8,73.9,81.9,100
XPH01,Physics,Jan-16,1610,,16.3,37.1,52.9,68.4,79.8,100
XPM01,Pure Mathematics,Jan-16,45,,42.2,66.7,75.6,86.7,91.1,100
YAC01,Accounting,Jan-17,414,9.4,24.6,43.7,60.4,78.3,90.6,100
YBI01,Biology,Jan-17,385,3.4,15.6,32.5,51.7,69.9,82.6,100
YBS01,Business Studies,Jan-17,149,0.7,8.7,23.5,45,72.5,89.3,100
YCH01,Chemistry,Jan-17,760,6.1,19.3,36.6,55.7,69.9,83.8,100
YEC01,Economics,Jan-17,155,3.2,12.9,25.2,45.8,67.7,80.6,100
YFM01,Further Mathematics,Jan-17,228,22.4,50.9,71.5,85.1,90.8,96.5,100
YMA01,Mathematics,Jan-17,1627,21.4,46.2,62.6,76.3,86,93.2,100
YPH01,Physics,Jan-17,1070,2.9,17.7,34.4,50.7,66.5,81.5,100
YPM01,Pure Mathematics,Jan-17,40,0,45,70,85,97.5,100,100
XAC01,Accounting,Jan-17,465,,23.2,38.3,56.6,69.7,83,100
XBI01,Biology,Jan-17,1176,,15.1,35.1,54.8,66.7,77.4,100
XBS01,Business Studies,Jan-17,395,,13.9,27.6,45.6,59,73.4,100
XCH01,Chemistry,Jan-17,1434,,16.5,35.9,53.6,65.4,75.9,100
XEC01,Economics,Jan-17,445,,13.5,28.5,42.9,55.1,69.9,100
XEN01,English Language,Jan-17,58,,1.7,5.2,20.7,43.1,62.1,100
XET01,English Literature,Jan-17,33,,30.3,48.5,75.8,81.8,84.8,100
XFM01,Further Mathematics,Jan-17,336,,60.7,78.6,89.3,92.6,94.6,100
XHI01,History,Jan-17,33,,9.1,21.2,45.5,72.7,84.8,100
XMA01,Mathematics,Jan-17,2225,,35.6,51.6,63.8,74.3,81.5,100
XPH01,Physics,Jan-17,1536,,16.3,31.3,45.6,60,71.1,100
XPM01,Pure Mathematics,Jan-17,77,,16.9,44.2,62.3,70.1,83.1,100
XPS01,Psychology,Jan-17,68,,1.5,8.8,27.9,44.1,57.4,100
YAC11,ACCOUNTING,Jan-18,546,39,132,224,306,402,470,546
YBI01,BIOLOGY,Jan-18,867,45,113,235,353,486,603,867
YBS01,BUSINESS STUDIES,Jan-18,413,4,60,140,222,293,342,413
YCH01,CHEMISTRY,Jan-18,1316,80,210,367,538,749,907,1316
YEC01,ECONOMICS,Jan-18,415,11,56,123,198,269,324,415
YEN01,ENGLISH LANGUAGE,Jan-18,18,0,1,3,5,9,10,18
YET01,ENGLISH LITERATURE,Jan-18,13,1,1,4,4,10,12,13
YFM01,FURTHER MATHEMATICS,Jan-18,320,75,158,226,262,295,313,320
YGE01,GEOGRAPHY,Jan-18,9,0,0,1,4,5,7,9
YHI01,HISTORY,Jan-18,17,0,3,5,8,12,13,17
YMA01,MATHEMATICS,Jan-18,2245,444,887,1255,1548,1774,1956,2245
YPH01,PHYSICS,Jan-18,1554,36,226,438,661,891,1096,1554
YPM01,PURE MATHEMATICS,Jan-18,54,1,27,44,52,53,53,54
YPS01,PSYCHOLOGY,Jan-18,15,0,0,0,1,2,4,15
XAA01,ARABIC,Jan-18,184,,87,132,161,175,179,184
XAC11,ACCOUNTING,Jan-18,361,,95,155,216,257,294,361
XBI01,BIOLOGY,Jan-18,1201,,198,433,642,811,952,1201
XBS01,BUSINESS STUDIES,Jan-18,430,,60,115,177,229,293,430
XCH01,CHEMISTRY,Jan-18,1525,,272,545,792,998,1143,1525
XEC01,ECONOMICS,Jan-18,417,,48,118,174,236,275,417
XEN01,ENGLISH LANGUAGE,Jan-18,98,,1,7,31,62,80,98
XET01,ENGLISH LITERATURE,Jan-18,69,,16,38,53,65,67,69
XFM01,FURTHER MATHEMATICS,Jan-18,489,,318,401,438,463,479,489
XFR01,FRENCH,Jan-18,91,,21,39,58,75,84,91
XGE01,GEOGRAPHY,Jan-18,49,,8,23,37,41,46,49
XGK01,GREEK,Jan-18,5,,1,4,5,5,5,5
XGN01,GERMAN,Jan-18,45,,17,24,28,34,40,45
XHI01,HISTORY,Jan-18,57,,6,18,33,47,51,57
XMA01,MATHEMATICS,Jan-18,2661,,905,1362,1751,2055,2256,2661
XPH01,PHYSICS,Jan-18,1605,,284,527,750,971,1168,1605
XPM01,PURE MATHEMATICS,Jan-18,89,,21,40,57,70,76,89
XPS01,PSYCHOLOGY,Jan-18,47,,2,13,25,30,38,47
XSP01,SPANISH,Jan-18,110,,69,96,99,107,108,110
YAC01,Accounting,Jun-14,2461,14.5,28.2,45.3,59.9,73.3,84.2,100
YBI01,Biology,Jun-14,3324,6.3,21.6,38.1,55.2,69.1,80.7,100
YBS01,Business Studies,Jun-14,277,0.4,7.6,18.4,38.3,56,74.7,100
YCH01,Chemistry,Jun-14,4736,5.9,23.2,42.7,60.5,73,82.9,100
YEC01,Economics,Jun-14,406,1.5,10.1,27.3,45.1,62.6,77.3,100
YFM01,Further Mathematics,Jun-14,581,34.6,58.2,76.2,87.6,93.8,96.6,100
YLA0,Law,Jun-14,518,9.8,18.5,29.5,40.3,52.5,64.5,100
YMA01,Mathematics,Jun-14,4225,21.6,45.1,60.4,71.8,80.7,87.5,100
YPH01,Physics,Jun-14,5387,5.9,23.1,41.7,58.1,71.5,83.3,100
YPM01,Pure Mathematics,Jun-14,142,9.2,39.4,60.6,73.2,85.9,90.1,100
XAC01,Accounting,Jun-14,1522,,27.9,42.2,58.1,72,83.1,100
XBI01,Biology,Jun-14,4009,,14.3,28.8,42.9,56.4,68.5,100
XBS01,Business Studies,Jun-14,666,,18.9,29.4,38.9,48.8,62.3,100
XCH01,Chemistry,Jun-14,4906,,17.9,35.1,50.2,62.8,74,100
XEC01,Economics,Jun-14,636,,10.7,23.3,35.5,47.6,61.9,100
XFM01,Further Mathematics,Jun-14,378,,59.5,76.5,87.6,93.9,97.1,100
XMA01,Mathematics,Jun-14,5331,,35.7,48.4,60.1,70.1,78,100
XPH01,Physics,Jun-14,5002,,19.7,33.8,48.6,61.9,73.6,100
XPM01,Pure Mathematics,Jun-14,98,,55.1,75.5,89.8,92.9,96.9,100
YAC01,Accounting,Jun-15,2543,12,29.7,47.1,61.6,75.3,85.7,100
YBI01,Biology,Jun-15,3240,7.6,22.5,39.4,54,66.1,78.3,100
YBS01,Business Studies,Jun-15,879,1.9,14.4,32.8,48.6,64.2,76.1,100
YCH01,Chemistry,Jun-15,4444,7.7,22.2,39.8,56.9,70.4,81.7,100
YEC01,Economics,Jun-15,1014,1.2,10.7,27.9,46.3,65.9,81.8,100
YFM01,Further Mathematics,Jun-15,875,29.8,51.8,71.8,82.2,89.1,93.4,100
YLA0,Law,Jun-15,467,12,19.9,29.6,43,50.7,62.3,100
YMA01,Mathematics,Jun-15,6297,18.3,39.1,56,69.7,79.6,87.3,100
YPH01,Physics,Jun-15,4866,4.4,23,40.9,56.9,70.3,81.4,100
YPM01,Pure Mathematics,Jun-15,227,6.6,27.8,50.2,67.8,79.7,88.1,100
XAC01,Accounting,Jun-15,1412,,28.5,43.3,60.8,73.8,84.3,100
XBI01,Biology,Jun-15,4113,,16.5,30.8,45.4,59.1,72.2,100
XBS01,Business Studies,Jun-15,957,,16.8,29.4,42,55.3,66.4,100
XCH01,Chemistry,Jun-15,5089,,20.2,35.7,50.5,62.8,74.1,100
XEC01,Economics,Jun-15,1084,,13.2,25.5,41.4,57.1,69.2,100
XFM01,Further Mathematics,Jun-15,472,,58.9,74.2,83.7,89.4,96.2,100
XMA01,Mathematics,Jun-15,7017,,35.6,50,61.7,71.5,79.2,100
XPH01,Physics,Jun-15,5095,,19.7,32.3,45.9,59.5,72.7,100
XPM01,Pure Mathematics,Jun-15,246,,32.5,53.3,63.4,75.6,81.3,100
YAC01,Accounting,Jun-16,2141,11.5,30.9,48.1,63.5,76.6,87.2,100
YBI01,Biology,Jun-16,3067,7.7,24.2,41.1,56.4,68.8,79.9,100
YBS01,Business Studies,Jun-16,1026,2,14.3,34.9,55,71.6,83.7,100
YCH01,Chemistry,Jun-16,4209,9,27.3,45.1,60.2,72.1,82.8,100
YEC01,Economics,Jun-16,1167,3.8,14.7,34.4,54.7,71.2,83.1,100
YFM01,Further Mathematics,Jun-16,1103,27.4,53.6,73.5,84,90.7,94.7,100
YLA0,Law,Jun-16,474,11.2,22.6,34.4,44.5,55.3,65,100
YMA01,Mathematics,Jun-16,6837,17.8,40.3,58.8,71.2,80.7,88.2,100
YPH01,Physics,Jun-16,4791,5.4,23,40.2,56.5,69.8,82.1,100
YPM01,Pure Mathematics,Jun-16,281,11.4,37.7,61.2,78.3,88.3,96.4,100
XAC01,Accounting,Jun-16,496,,31.7,49,66.3,79,87.5,100
XAC11,Accounting,Jun-16,736,,27.2,41.8,58.7,74.7,86.1,100
XBI01,Biology,Jun-16,4042,,20.3,36,49.3,62,73.8,100
XBS01,Business Studies,Jun-16,1476,,20.9,36.3,52.9,65.2,77,100
XCH01,Chemistry,Jun-16,5221,,23.1,40,55.5,67,77.1,100
XEC01,Economics,Jun-16,1539,,20.8,34.7,48.5,61.9,74.7,100
XEN01,English Language,Jun-16,133,,1.5,1.5,11.3,42.1,72.9,100
XET01,English Literature,Jun-16,132,,9.8,20.5,36.4,52.3,69.7,100
XFM01,Further Mathematics,Jun-16,674,,58.8,73,83.2,88.7,92.4,100
XHI01,History,Jun-16,144,,33.3,42.4,52.8,67.4,81.9,100
XMA01,Mathematics,Jun-16,8605,,36.1,50.7,62.3,72.1,80.8,100
XPH01,Physics,Jun-16,5028,,20.5,34.9,48.9,61.6,72.8,100
XPM01,Pure Mathematics,Jun-16,236,,34.3,58.1,70.3,82.6,90.7,100
XPS01,Psychology,Jun-16,284,,13.4,29.9,48.9,65.5,80.6,100